google_id,Name(optional)
qJjM8hkAAAAJ,Tim H. Murphy
5VQTWXgAAAAJ,Vesna Sossi
VyLG_CgAAAAJ,Lynn A Raymond
XAGfOIIAAAAJ,
Sx3420cAAAAJ,
VynxFpEAAAAJ,
C832lNEAAAAJ,
yutn3mwAAAAJ,
ataejQQAAAAJ,
cBAT2tQAAAAJ,
KnhWIqwAAAAJ,
hm6fJTkAAAAJ,
B6Fe4-4AAAAJ,
HgUvr-IAAAAJ,
cHBZKa4AAAAJ,
62UFkZcAAAAJ,
oUJOq0EAAAAJ,
cDn0toMAAAAJ,
mTkQFQ8AAAAJ,
Hx14DYYAAAAJ,
zLPRoXUAAAAJ,
f_ILrbMAAAAJ,
K1VQtgwAAAAJ,
nzIRBZ0AAAAJ,
KM6fM-MAAAAJ,
WVStjbgAAAAJ,
P2mG6rcAAAAJ,
W75uTm8AAAAJ,
bl8U3JoAAAAJ,
Q--hI3oAAAAJ,
iRcTmwkAAAAJ,
OrRZGCQAAAAJ,
2maWWboAAAAJ,
OzV0TFoAAAAJ,
1NGZwzoAAAAJ,
6N7x3_wAAAAJ,
JpTDgvYAAAAJ,
Qd2_0VkAAAAJ,
GyvbrjcAAAAJ,
gKtP4d4AAAAJ,
NhBa8hAAAAAJ,
72W33RkAAAAJ,
1ffeRR4AAAAJ,
dA7G64kAAAAJ,
Ep3N640AAAAJ,
gKZS5-IAAAAJ,
5VQTWXgAAAAJ,
